<project xmlns="http://maven.apache.org/POM/4.0.0" xmlns:xsi="http://www.w3.org/2001/XMLSchema-instance"
	xsi:schemaLocation="http://maven.apache.org/POM/4.0.0 http://maven.apache.org/xsd/maven-4.0.0.xsd">
	<modelVersion>4.0.0</modelVersion>

	<groupId>org.packt</groupId>
	<artifactId>flightsc3p2</artifactId>
	<version>1.0-SNAPSHOT</version>
	<packaging>jar</packaging>

	<name>flightc3p2</name>
	<url>http://maven.apache.org</url>

	<properties>
		<project.build.sourceEncoding>UTF-8</project.build.sourceEncoding>
	</properties>

	<dependencies>
		<dependency>
			<groupId>junit</groupId>
			<artifactId>junit</artifactId>
			<version>4.10</version>
			<scope>test</scope>
		</dependency>
		<dependency>
			<groupId>net.sf.opencsv</groupId>
			<artifactId>opencsv</artifactId>
			<version>2.3</version>
		</dependency>
		<dependency>
			<groupId>com.google.inject</groupId>
			<artifactId>guice</artifactId>
			<version>3.0</version>
		</dependency>
		<dependency>
			<groupId>com.google.inject.extensions</groupId>
			<artifactId>guice-throwingproviders</artifactId>
			<version>3.0-rc2</version>
		</dependency>
		<dependency>
			<groupId>com.google.inject.extensions</groupId>
			<artifactId>guice-multibindings</artifactId>
			<version>3.0</version>
		</dependency>
		<dependency>
			<groupId>com.google.guava</groupId>
			<artifactId>guava</artifactId>
			<version>14.0</version>
		</dependency>
		<dependency>
			<groupId>com.google.inject.extensions</groupId>
			<artifactId>guice-assistedinject</artifactId>
			<version>3.0</version>
		</dependency>
	</dependencies>

	<build>
		<plugins>
			<plugin>
				<groupId>org.apache.maven.plugins</groupId>
				<artifactId>maven-compiler-plugin</artifactId>
				<version>2.3.2</version>
				<configuration>
					<source>1.6</source>
					<target>1.6</target>
					<mainClass>org.packt.App</mainClass>
				</configuration>
			</plugin>

			<plugin>
				<groupId>org.apache.maven.plugins</groupId>
				<artifactId>maven-jar-plugin</artifactId>
				<version>2.4</version>
				<configuration>
					<archive>
						<index>true</index>
						<manifest>
							<classpathPrefix>lib/</classpathPrefix>
							<addClasspath>true</addClasspath>
							<mainClass>org.packt.App</mainClass>
						</manifest>
					</archive>
				</configuration>
			</plugin>

			<plugin>
				<groupId>org.apache.maven.plugins</groupId>
				<artifactId>maven-dependency-plugin</artifactId>
				<version>2.2</version>
				<executions>
					<execution>
						<id>copy-dependencies</id>
						<phase>package</phase>
						<goals>
							<goal>copy-dependencies</goal>
						</goals>
						<configuration>
							<outputDirectory>${project.build.directory}/lib</outputDirectory>
							<overWriteReleases>true</overWriteReleases>
							<overWriteSnapshots>true</overWriteSnapshots>
							<overWriteIfNewer>true</overWriteIfNewer>
						</configuration>
					</execution>
				</executions>
			</plugin>
		</plugins>
	</build>
</project>
